Epoch,Total Loss,Image Loss,Context Loss,Text Loss
1,4.375159,0.24231,0.003726,4.132104
2,4.361044,0.241838,0.00344,4.118518
3,4.361589,0.241673,0.003234,4.119269
4,4.360289,0.241621,0.00325,4.118017
5,4.360843,0.241536,0.003181,4.118671
6,4.36041,0.241455,0.003186,4.118318
7,4.359978,0.241446,0.003114,4.117909
8,4.361501,0.241536,0.003185,4.119329
9,4.359624,0.241401,0.003166,4.11759
10,4.360223,0.241501,0.003109,4.118101
