Epoch,Total Loss,Image Loss,Context Loss,Text Loss
1,4.382293,0.242326,0.00373,4.13922
2,4.362847,0.241942,0.003299,4.120245
3,4.360979,0.241871,0.003295,4.118448
4,4.362039,0.241801,0.003336,4.119571
5,4.362518,0.24165,0.003109,4.120246
