Epoch,Total Loss,Image Loss,Context Loss,Text Loss
1,4.392335,0.242756,0.003922,4.148795
2,4.371409,0.24219,0.003376,4.128544
3,4.369413,0.242004,0.003278,4.126753
4,4.370675,0.242014,0.003218,4.128018
5,4.370045,0.24182,0.0032,4.127586
