Epoch,Total Loss,Image Loss,Context Loss,Text Loss
1,4.389117,0.242529,0.00397,4.145793
2,4.364968,0.241865,0.003382,4.122427
3,4.363476,0.241687,0.003304,4.121128
4,4.361808,0.241585,0.003224,4.119579
5,4.362608,0.241473,0.003125,4.12051
